product_name,brands,categories,ingredients_text,packaging,energy_kcal,fat,sugars,proteins,salt,general_category
Sidi Ali,Sidi Ali,"Beverages and beverages preparations,Beverages,Waters,Spring waters,Mineral waters,Unsweetened beverages,Natural mineral waters",une eau minÃ©rale naturelle,"Plastic, Bottle",0.0,0.0,0.0,0.0,0.0,Beverages
Eau minÃ©rale naturelle,"Sidi Ali,Les Eaux MinÃ©rales d'oulmÃ¨s","Beverages and beverages preparations,Beverages,Waters,Spring waters,Mineral waters,Unsweetened beverages,Natural mineral waters",100% EAU MINÃ‰RALE,"Plastique,Bouteille ou Flacon,Bouteille",0.0,0.0,0.0,0.0,0.0,Beverages
Ø§ÙƒÙˆØ§ÙÙŠÙ†Ø§,"pepsi,PepsiCo","Boissons et prÃ©parations de boissons,Boissons,Eaux,Eaux de sources,Eaux minÃ©rales,Eaux de table",ouverture et avant le : Voir bouteille. aprÃ¨s Ù…ÙŠØ§Ù‡ Ù…ØµÙØ§Ø© Ø¨ØªÙ‚Ù†ÙŠØ© Ø§ÙƒÙˆØ§ÙÙŠÙ†Ø§ Ù‡Ø§ÙŠØ¯Ø±Ùˆ - 7 Eau purifiÃ©e par la technique Aquafina HydRO-7,"en:Plastic, en:Bottle",0.0,0.0,0.0,0.0,0.000508,Other
Eau de source,Cristaline,"Boissons et prÃ©parations de boissons, Boissons, Eaux, Eaux de sources, Eaux minÃ©rales, Boissons sans sucre ajoutÃ©, Eaux minÃ©rales naturelles",Eau de source,"HdpeFilm-packet,Aluminium-can,PpFilm-wrapper,ldpe-film",0.0,0.0,0.0,0.0,0.00525,Other
Fromage blanc nature,MILKY FOOD PROFESSIONAL,"Produits laitiers,Produits fermentÃ©s,Produits laitiers fermentÃ©s,Fromages,Desserts,Desserts lactÃ©s,Desserts lactÃ©s fermentÃ©s,Fromages blancs - petit suisses et skyr,Desserts lactÃ©s fermentÃ©s nature,Fromages blancs,Fromages blancs natures","Ferments lactiques, PrÃ©sure, Sel.",Plastique,80.6,12.0,0.0,7.3,0.0,Other
Lait entier UHT,Jaouda,"Produits laitiers, Laits, Laits homogÃ©nÃ©isÃ©s, Laits UHT, Laits entiers, Laits de vache, Lait entier UHT",Lait entier,"Multilayer composite,Tetra Pak",58.0,3.0,0.0,3.0,0.0,Other
Jben,Jaouda,"en:Dairies, en:Fermented foods, en:Fermented milk products, en:Spreads, en:Cheeses, en:Salted spreads, en:Cheese spreads, en:Fromage frais nature Ã  21%de matiÃ¨re grasse","lait frais entier, crÃ¨me, stabilisants, amidon, carraghÃ©nane, sel, ferments lactiques
matiÃ¨re grasse 21%",en:Plastic,235.0,21.0,0.0,8.0,0.46,Dairy
Ain SaÃ¯ss,Danone,"Boissons,Eaux,Eaux de sources,Eaux minÃ©rales,Boissons sans alcool,Boissons sans sucre ajoutÃ©",Eau minÃ©rale naturelle,en:plastic bottle,0.0,0.0,0.0,0.0,0.0,Other
6111035000027,Eaux MinÃ©rales d'Oulmes,Eaux minÃ©rales naturelles,"Composition minÃ©rale en mg/
RÃ©sidu sec Ã  110Â°C: 186
12 t S Sodium 26 tCalciumMagnÃ©sium9 tiiSulfates 42 i3 t H Chiorures 14Potassium
Bicarbonates 104 i Nitrates","Plastique,",0.0,0.0,0.0,0.0,0.0065,Other
marmite,"Marmite,Unilever","Spreads,Salted spreads,Yeast extract spreads","yeast extract (contains barley, wheat, oats, rye), salt, vegetable juice concentrate, vitamins (thiamin, riboflavin, niacin, vitamin b12 and folic acid), natural flavouring (contains celery).","Glass,Pot,Glass-jar,Pp-cap,fr:Green dot",260.0,0.5,1.2,34.0,10.8,Condiments
,Jaouda,"Produits laitiers,Produits fermentÃ©s,Produits laitiers fermentÃ©s,Desserts,Desserts lactÃ©s,Desserts lactÃ©s fermentÃ©s,Fromages blancs - petit suisses et skyr,Yaourts,Desserts lactÃ©s fermentÃ©s nature,Fromages blancs,Fromages blancs natures","lait ecremÃ©, crÃ©me, ferments lactiques. MatiÃ¨re grasse: 6% Poids net:90g",,101.0,6.0,0.0,7.6,0.0,Other
Lindt Excellence 90%,Lindt & sprÃ¼ngli (nordic),"Snacks,Cocoa and its products,Chocolates,Dark chocolates,Extra fine dark chocolates","Kakaomasse, kakaosmÃ¸r, fettredusert kakao, sukker,","en:Aluminium wrap,en:Box cardboard,en:Caja de cartÃ³n,en:Card-box,en:Foil-wrapper,es:Recipiente,pt:Papel de aluminio,Ã‰tui carton,Feuille aluminium",592.0,55.0,7.0,10.0,0.03,Snacks
Prince GoÃ»t Chocolat,LuMondelez,"Botanas,Snacks dulces,Cacao y sus productos,fr:glucide","CÃ©rÃ©ale 50,7 % (farine de BLÃ‰ 35 %, farine de BLÃ‰ complÃ¨te 15,7 %), sucre, huiles vÃ©gÃ©tales (palme, colza), cacao maigre en poudre 4,5 %, sirop de glucose, amidon de BLE, poudre Ã  lever (carbonate acide d'ammonium, carbonate acide de sodium, diphosphate disodique), Ã©mulsifiants (lÃ©cithine de SOJA, lecithine de tournesol), sel, LAIT Ã©crÃ©mÃ© en poudre, lactose et protÃ©ines de LAIT, arÃ´mes. PEUT CONTENIR OEUF.","Packet,Hdpe film-packet,Etui en carton,Film en plastique",467.0,17.0,32.0,6.3,0.49,Snacks
Nutella,Ferrero,"Petit-dÃ©jeuners, Produits Ã  tartiner, Produits Ã  tartiner sucrÃ©s, PÃ¢tes Ã  tartiner, PÃ¢tes Ã  tartiner aux noisettes, PÃ¢tes Ã  tartiner au chocolat, PÃ¢tes Ã  tartiner aux noisettes et au cacao, en:Petit-dÃ©jeuners, en:Produits Ã  tartiner, en:Produits Ã  tartiner sucrÃ©s, en:PÃ¢tes Ã  tartiner, en:PÃ¢tes Ã  tartiner au chocolat, en:PÃ¢tes Ã  tartiner aux noisettes, en:PÃ¢tes Ã  tartiner aux noisettes et au cacao","Sucre, huile de palme, NOISETTES 13%, LAIT Ã©crÃ©mÃ© en poudre 8,7%, cacao maigre 7,4%, Ã©mulsifiants: lÃ©cithines [SOJA]; vanilline. Sans gluten","Composites multicouches,Plastique,Carton,Verre,PP 5 - PolypropylÃ¨ne,Verre transparent,Carton non ondulÃ©,82 C/X,82 C/PAP,en:Bocal",539.0,30.9,56.3,6.3,0.107,Other
Orange juice,Coca cola,"Cibi e bevande a base vegetale,Bevande,Bevande a base di piante,Bevande a base di frutta,Succo e nettare,en:Orange-based beverages","water, fructose-glucosic syrup, orange juice from concentrate (7%), orange pulp (4%) acid: citric acid, acidity regulator: sodium citrates, stabilisers: arabic gum and glycerolesters of wood resins, antioxidant aroma: ascorbic acid carotene dye","Plastic,it:bottiglia pet",39.0,0.0,17.0,0.0,0.126,Beverages
Ain Saiss Eau Minerale Naturelle,Danone,"Boissons et prÃ©parations de boissons,Boissons,Eaux,Eaux de sources,Eaux minÃ©rales","Calcium : 63,5
MagnÃ©sium : 35,5
Nitratex : 7
Sodium 8
Chlorures : 19,8
Sulfate : 3,8
Bicarbonate : 372
Potassium : 1",Plastique,0.0,0.0,0.0,0.0,0.0,Other
SÃ©same,GerblÃ©,"Snacks,Snacks sucrÃ©s,Biscuits et gÃ¢teaux,Biscuits sucrÃ©s & biscuits apÃ©ritifs,Biscuits","Farine de blÃ© 57%, sucre de canne roux, huile de colza, sÃ©same toastÃ© 10,6%, germe de blÃ© 5,4%, farine complÃ¨te de blÃ© 5,4%, arÃ´me naturel, magnÃ©sium, Ã©mulsifiant : lÃ©cithines, poudres Ã  lever (tartrates de potassium, carbonates de sodium, carbonates d'ammonium), sel de mer, amidon de blÃ©, vitamines (E, PP, B6, B1, B9).","Cardboard,Plastic",467.0,18.0,17.0,10.0,0.38,Snacks
Yaourt nature,Jaouda,"Produits laitiers, Produits fermentÃ©s, Desserts, Produits laitiers fermentÃ©s, Desserts lactÃ©s, Desserts lactÃ©s fermentÃ©s, Yaourts, Yaourts natures","Lait frais entier, poudre de lait Ã©crÃ©mÃ©, amidon, ferment lactique sÃ©lectionnÃ©. matiÃ¨re grasse : 2.8%

Ø§Ù„Ù…ÙƒÙˆÙ†Ø§Øª: Ø­Ù„ÙŠØ¨ Ø·Ø±ÙŠ ÙƒØ§Ù…Ù„ØŒ Ù…Ø³Ø­ÙˆÙ‚ Ø§Ù„Ø­Ù„ÙŠØ¨ Ø¨Ø¯ÙˆÙ† Ù‚Ø´Ø¯Ø©ØŒÙ†Ø´Ø§ØŒ Ø®Ù…ÙŠØ±Ø© Ø­Ù„ÙŠØ¨ÙŠØ© Ù…Ø®ØªØ§Ø±Ø© ØŒ Ø§Ù„Ù…Ø§Ø¯Ø© Ø§Ù„Ø¯Ù‡Ù†ÙŠØ© 2,8%",,161.0,7.5,0.0,7.6,0.1,Other
Ain Atlas,Eau minÃ©rale naturelle,"Boissons et prÃ©parations de boissons,Boissons,Eaux,Eaux de sources,Eaux minÃ©rales",Sodium 48 Calcium 18 MagnÃ©sium 13 Potassium 8 Bicarbonates 217 Chlorures 12 Sulfates Nitrates 4,,0.0,0.0,0.0,0.0,0.12,Other
Mayonnaise recette originale,Star,"Condiments,MatiÃ¨res grasses,Sauces,Mayonnaises,en:groceries","Huile de soja, eau, vinaigre de table, jaune dâ€™Å“ufs, moutarde&quot;, sel, stabilisants (E412, E415), conservateur : (E202, E211) et antioxydant : E330. * contient des sulfites",,592.0,65.21,0.05,1.12,1.75,Condiments
Ğ¨Ğ¾ĞºĞ¾Ğ»Ğ°Ğ´ 85% ĞºĞ°ĞºĞ°Ğ¾Ğ²Ğ° Ğ¼Ğ°ÑĞ°,J.D. Gross,"Ğ—Ğ°ĞºÑƒÑĞºĞ¸, Ğ¡Ğ»Ğ°Ğ´ĞºĞ¸ Ğ·Ğ°ĞºÑƒÑĞºĞ¸, ĞšĞ°ĞºĞ°Ğ¾Ğ²Ğ¸ Ğ¸Ğ·Ğ´ĞµĞ»Ğ¸Ñ, Ğ¨Ğ¾ĞºĞ¾Ğ»Ğ°Ğ´Ğ¸, Ğ¢ÑŠĞ¼ĞµĞ½ ÑˆĞ¾ĞºĞ¾Ğ»Ğ°Ğ´","ĞšĞ°ĞºĞ°Ğ¾Ğ²Ğ° Ğ¼Ğ°ÑĞ°, Ğ½Ğ¸ÑĞºĞ¾Ğ¼Ğ°ÑĞ»ĞµĞ½Ğ¾ ĞºĞ°ĞºĞ°Ğ¾ Ğ½Ğ° Ğ¿Ñ€Ğ°Ñ…, ĞºĞ°ĞºĞ°Ğ¾Ğ²Ğ¾ Ğ¼Ğ°ÑĞ»Ğ¾, Ğ·Ğ°Ñ…Ğ°Ñ€, ĞµĞ¼ÑƒĞ»Ğ³Ğ°Ñ‚Ğ¾Ñ€: Ğ»ĞµÑ†Ğ¸Ñ‚Ğ¸Ğ½ (ÑĞ¾ĞµĞ²Ğ¸); ĞµĞºÑÑ‚Ñ€Ğ°ĞºÑ‚ Ğ¾Ñ‚ Ğ²Ğ°Ğ½Ğ¸Ğ»Ğ¸Ñ. ĞœĞ¾Ğ¶Ğµ Ğ´Ğ° ÑÑŠĞ´ÑŠÑ€Ğ¶Ğ° ÑĞ»ĞµĞ´Ğ¸ Ğ¾Ñ‚ ÑĞ´ĞºĞ¸ Ğ¸ Ğ¼Ğ»ÑĞºĞ¾.","Cardboard,Non-corrugated cardboard",579.0,46.8,12.8,10.8,0.03,Other
Nutella,"Nutella ,Ferrero","en:produits-a-tartiner,en:produits-a-tartiner-sucres,en:pates-a-tartiner,en:pates-a-tartiner-au-chocolat,en:pates-a-tartiner-aux-noisettes,en:pates-a-tartiner-aux-noisettes-et-au-cacao,Petit-dÃ©jeuners","Sucre, huile de palme, NOISETTES 13%, cacao maigre 7,4%, LAIT Ã©crÃ©mÃ© en poudre 6,6%, LACTOSERUM en poudre, Ã©mulsifiants: lÃ©cithines [SOJA), vanilline. Sans gluten.","Plastic,fr:Pot en verre",539.0,30.9,56.3,6.3,0.107,Other
Sourdough Grains & Seeds,Jason's,"Plant-based foods and beverages,Plant-based foods,Cereals and potatoes,Breads,Sliced breads,Vegan,Vegetarian","Wheat Flour (Wheat Flour, Calcium Carbonate, Iron, Niacin, Thiamin), Water, Mixed Seeds (Golden Linseeds, Sunflower Seeds (6%), Sprouted Spelt (Wheat) Grains (1.5%), Salt, Fermented Wheat Flour.","en:mixedPlasticFilm-film, en:unknown-bag",237.0,2.7,1.4,10.7,0.825,Grains
Almonds,"Alesto,Lidl","Plant-based foods and beverages, Plant-based foods, Nuts and their products, Nuts, Almonds, Shelled nuts, Shelled almonds, Unsalted almonds",shelled almonds,"en:Andere Kunststoffe,en:Kunststoff,en:TÃ¼te",621.0,53.3,4.8,24.5,0.003,Beverages
Ketchup,Star,"en:Condiments, en:Sauces, en:Tomato sauces, en:Ketchup, en:Groceries",Ù†Ø´Ø§: Ù…Ø´Ø®Ù† Ø§Ù„Ù…Ø§Ø¦Ø¯Ø©ØŒ Ø®Ù„ Ø§Ù„Ø·Ù…Ø§Ø·Ù„Ø® Ù…Ø±ÙƒØ² Ø³ÙƒØ±ØŒ Ù…Ø§Ø¡ØŒ Ø§Ù„Ù…Ú©ÙˆÙ†Ø§Øª: ÙˆØªÙˆØ§Ø¨Ù„.Ø­Ø§ÙØ¸Ø© (E202.E211) Ù…Ù„Ø­ØŒÙ…ÙˆØ§Ø¯ Ù…Ø¹Ø¯Ù„,,108.0,0.08,22.36,1.12,0.00555,Condiments
Alesto Cashew Nuts,"Alesto, 14 x Lidl 07.25, 12 x Lidl 07.25, 10 x Lidl 07.25","Plant-based foods and beverages, Plant-based foods, Nuts and their products, Nuts, Cashew nuts","cashews,","Plastika,PE 7 - Polietilen,LDPE 4 - polietilen niske gustoÄ‡e,PET 1 - polietilen tereftalat,PP 5 - polipropilen,en:Bag,OPP,de:LDPE/OPP/PET",600.0,47.6,6.5,20.5,0.02,Beverages
Cosumar Sucre En Lingot Pour Le ThÃ© 1 kg,COSUMAR,"en:Sweeteners, en:Sugars",Sugar,en:cartoon package,400.0,0.0,100.0,0.0,0.0,Sweets
Salim,Salim,"Dairies, Milks",gluten free,Container,58.0,3.0,0.0,3.0,0.0,Dairy
Henryâ€™s,Henry's,"Snacks,Snacks sucrÃ©s,Biscuits et gÃ¢teaux,Biscuits","Farine de froment, sucre, graisse vÃ©gÃ©tale, sucre inverti, agents levants ( bicarbonate d'ammonium - bicarbonate de sodium), sel, arome.",Plastique,440.0,10.8235,24.2353,7.6471,0.882353,Snacks
Coca-Cola,Coca-Cola,"Beverages and beverages preparations,Beverages,Carbonated drinks,Sodas,Carbonated soft drinks without fruit juice,Colas,Carbonated soft drinks without fruit juice with sugar,Sweetened beverages","Eau gazÃ©ifiÃ©e, sucre, colorant: E150d, acidifiant: acide phosphorique, arÃ´mes naturels, arÃ´me cafÃ©ine.","Metal,Recyclable Metals,Aluminium,Can,Drink can,Canette mÃ©tal Ã  recycler",42.0,0.0,10.6,0.0,0.0,Sweets
Assil,Danone,"Dairies,Fermented foods,Fermented milk products,Desserts,Dairy desserts,Fermented dairy desserts,Yogurts","Ù„ÙŠÙˆØºÙˆØ± Ù….Ø¯,%2. Ù…ØµÙ†ÙˆØ¹ Ø¥Ø®Ø· Ù‚Ø¯ ÙŠÙ…ÙƒÙ† Ø£Ù† ÙŠØ­ØªÙˆÙŠ Ø¹Ù„Ù‰ Ø§Ù„Ú¯Ù„ÙˆØªÙŠÙ†ØŒ Ø§Ù„Ø¬ÙˆØ² ÙˆØ§Ù„Ø¨Ù†Ø¯Ù‚. 2.",,95.5,2.7,9.0,3.4,0.0,Dairy
Ciel,"Ciel,The Cocacola Company","Boissons,Eaux,Boissons sans alcool",Eau,"Plastique, Bouteille",0.0,0.0,0.0,0.0,0.025,Other
,Maruja,"Snacks,Sweet snacks,Cocoa and its products,Confectioneries,Chocolates,Compound chocolates,Food","sugar, cocoa butter, whole milk powder, cocoa mass, almonds, emulsifier (soya lecithin), flavoring","MÃ©tal,Papier,en:Recyclable Metals,Aluminium",539.0,33.0,50.0,7.2,0.275,Snacks
,BAHIA,"boissons, eaux, eaux-de-sources, eaux-minÃ©rales, eaux-de-table, fr:boissons, fr:eaux",Eau,5 LITRES,0.0,0.0,0.0,0.0,0.0,Other
Spreadable Slightly Salted,Lurpak,"Dairies, Fats, Spreads, Spreadable fats, Animal fats, Milkfat, Dairy-spread, Butters","butter (64%) (milk), rapeseed oil, water, lactic culture (milk), salt",en:pp-tub,679.0,75.0,0.0,0.5,0.885,Dairy
Organic 70% Dark Chocolate Bar,Green & Black's,"Snacks,Snacks sucrÃ©s,Cacao et dÃ©rivÃ©s,Chocolats,Chocolats noirs","Cocoa mass #, cane sugar #, cocoa butter #, vanilla extract #. May contain nuts, milk.",Paper/Foil,580.0,42.0,29.0,9.1,0.01,Snacks
Eau,AÃ¯n lfrane,"Boissons,Eaux,Eaux de sources,Eaux minÃ©rales,Eaux minÃ©rales naturelles",Eau minÃ©rale naturelle,"PlÃ¡stico,Garrafa",0.0,0.0,0.0,0.0,3e-06,Other
Jamila,Danone,"Beverages, Dairies, Fermented foods, Fermented milk products, Desserts, Dairy desserts, Dairy drinks, Fermented dairy desserts, Fermented drinks, Yogurts, Fermented milk drinks, Drinkable yogurts, en:fruit-yogurts","Lait sans crÃ¨me, sucre, crÃ¨me, poudre de lait sans crÃ¨me, protÃ©ines du lait, matiÃ¨re grasse laitiere, colorant naturel",Plastique,72.0,1.7,9.0,1.9,0.0,Beverages
Coca-Cola Zero Sugar - 330 ml,Coca-Cola,"Beverages and beverages preparations, Beverages, Carbonated drinks, Artificially sweetened beverages, Sodas, Diet beverages, Non-alcoholic beverages, Colas, Diet sodas, Diet cola soft drink","carbonated water, colouring (e150d), acidifier (phosphoric acid), sweeteners (aspartame, acesulfame-k), natural flavors, caffeine aroma, acidity regulator (sodium citrates), contains a source of phenylalanin","Metall,Wiederverwertbare Metalle,Aluminium,Dose,GetrÃ¤nkedose",0.3,0.0,0.0,0.0,0.02,Beverages
Sable coco Henry s 42g,Henry's,"Snacks,Snacks sucrÃ©s,Biscuits et gÃ¢teaux,Biscuits,Biscuits sablÃ©s,SablÃ©s Ã  la noix de coco","Farine de _froment_, sucre, graisse vÃ©gÃ©tale, noix de coco rÃ¢pÃ©e, poudre de _lait_, poudre de _lactosÃ©rum_, sucre inverti, agents levants (bicarbonate d'ammonium - bicarbonate de Sodium), sel, arÃ´mes.",Plastique,443.0,12.4,23.8,7.62,0.899,Snacks
Mix de frutos secos al natural,"Alesto,Lidl,Alesto Selection,Alesto Lidl","Aliments et boissons Ã  base de vÃ©gÃ©taux,Aliments d'origine vÃ©gÃ©tale,Fruits Ã  coques et dÃ©rivÃ©s,Fruits Ã  coques,en:Mixed nuts","25% nueces, 25% avellanas, 25% anacardos, 25% almendras peladas. Puede contener trazas de otros frutos de cÃ¡scara y cacahuetes.","pecan, noix du BrÃ©sil, pistaches, noix de contenir des traces pisettes, macadamia) et d'arachides. ConditionnÃ© sous atmosphÃ¨re protectrice. A conserver Ã  l'abri de la chaleur et de l'humiditÃ©. Non ouvert, Ã  consommer de prÃ©fÃ©rence avant le: voir au-dessous. Attention: la consommation de fruits Ã  coque est dÃ©conseillÃ©e aux jeunes enfants en raison des risques d'Ã©touffement. Ce produit est un produit naturel. En dÃ©pit des contrÃ´les 25% 200 ge von:/Produit par:/Prodotto da: Solent GmbH & Co. KG, Hansemann-Str. 1-25, D-52531 Ãœbach-Palenberg, and/Allemagne/Germania Eiweiss/ProtÃ©ines/Proteine Salz/Sel/Sale Ã©trangers (e.a. des rÃ©sidus d'Ã©corces). Les valeurs des rÃ©sidus de corps Erwachsenen (8400 kJ/2000 adulte-type (8400 kJ/2000 kcal adulto medio (8400 kJ/2000 kcal A nutritionnelles indiquÃ©es sont soumises aux variations biologiques RI (reference intake) Refere 25% nocciole, 25% noci di acagiÃ¹, 25% mandorle pelate. PuÃ² contenere IT CH Mix di frutta a guscio sgusciata. Ingredienti: 25% noci, noci macadamia) e arachidi. Confezionato in atmosfera protettiva. tracce di altra frutta a guscio (noci di pecan, noci del Brasile, pistacchi, Omega-3-FettsÃ¤uren: 2,2 g/100g/ Acidi grassi Om Diese Verpackung enthÃ¤lt ca 65 Conservare in luogo fresco e asciutto. Da consumarsi preferibilmente entro il fim confezione integra): vedere sotto. Attenzione: la frutta a guscio non Ã¨ environ 6,5 portions de 30 g/Que adatta ai bambini piccoli, rischio di soffocamento. PoichÃ© si tratta di un prodotto naturale e nonostante una lavorazione accurata non si garantisce la mpleta eliminazione di noccioli e corpi estranei (frammenti di noccioli, ecc.). Confezione: 7 (Plastica). Raccolta differenziata. Verifica le izioni del tuo Comune. gewicht:/ net/Peso netto: di cui acidi grassi saturi gras saturÃ©s/ Kohlenhydrate/Glucides/ Carboidrati davon Zucker/dont suc di cui zuccheri Ballaststoffe/Fibres alime Fibre Prodotto per: Lidl Stiftung & Co. KG, Stiftsbergstr. 1, D-74167 Neckarsulm ad/Allemagne/Germania âœª 0% UngeÃ¶ffnet mindestens a de prÃ©fÃ©rence avant le/Dacon in confezione integral r 10% The weight of this p been reduced by 12% 24.12.202 L 3058 02 611 19/05/2023 11:25",647.0,58.0,4.33,20.3,0.0333,Produce
AÃ¯n Atlas 50cl,AÃ¯n Atlas,"Boissons,Eaux,Eaux de sources,Eaux minÃ©rales",eau minerale,Plastique,0.0,0.0,0.0,0.0,0.024,Other
Oat Drink Barista Edition,Oatly,"Beverages and beverages preparations, Plant-based foods and beverages, Beverages, Plant-based foods, Cereals and potatoes, Dairy substitutes, Cereals and their products, Milk substitutes, Plant-based beverages, Plant-based milk alternatives, Cereal-based drinks, Oat-based drinks","water,  oats  10%, rapeseed oil, acidity regulator (dipotassium phosphate), minerals (calcium carbonate, potassium iodide), salt, vitamins (d2, riboflavin and b12),","Tetra Pak,Container,Card-carton,FSC Mix Board,Hdpe-cap,Paper carton,Plastic cap,Produkt",61.0,3.0,4.0,1.1,0.0975,Grains
Lait U.H.T entier,Dost,"Produits laitiers, Laits, Laits homogÃ©nÃ©isÃ©s, Laits UHT, Laits entiers, Laits de vache",lait,,58.0,3.0,0.0,3.0,0.0,Other
margarine la prairie 225g,la Prairie,"Plant-based foods and beverages, Plant-based foods, Fats, Spreads, Plant-based spreads, Spreadable fats, Vegetable fats, Margarines, en:salted-spreads","Corps gras vÃ©gÃ©tal, eau, sucre, sel, mono-diglycÃ©rides vÃ©gÃ©tales, lÃ©cithine de soja, calcium, amidon, sorbate de potassium, antioxydant, acide citrique, arÃ´me, Î²-carotÃ¨ne, 7 vitamines : A, B6, B2, B1, E, D et B12.",,635.0,70.0,0.0,1.0,0.7,Beverages
Tartine croustillante Authentique,"Wasa,Barilla","Aliments et boissons Ã  base de vÃ©gÃ©taux,Aliments d'origine vÃ©gÃ©tale,Snacks,CÃ©rÃ©ales et pommes de terre,Pains,Pains croustillants,Pains croustillants complets","Farine complÃ¨te de SEIGLE (77 g*), farine de SEIGLE (28 g*), levure, sel. Peut contenir des traces de LUPIN, LAIT, MOUTARDE, GRAINES DE SÃ‰SAME et SOJA. *en g pour 100 g de produit.","Papier,Enveloppe,en:Package paper,en:Paper recycling",336.0,1.5,1.0,9.0,1.0,Snacks
70% Cacao noir intense,Lindt,"Produits laitiers, Produits fermentÃ©s, Produits laitiers fermentÃ©s, Snacks, Fromages, Snacks sucrÃ©s, Cacao et dÃ©rivÃ©s, Chocolats, Chocolats noirs, Chocolats noirs en tablette, Chocolat noir en tablette extra dÃ©gustation Ã  70% de cacao minimum","PÃ¢te de cacao, sucre, beurre de cacao, vanille. Peut contenir des fruits Ã  coque, du lait, du soja et des graines de sÃ©same.","MÃ©tal,Carton,MÃ©taux recyclables,Aluminium",566.0,41.0,30.0,9.5,0.1,Snacks
,Gervais,"Dairies,Fermented foods,Fermented milk products,Cheeses,Desserts,Dairy desserts,Fermented dairy desserts,Fromages blancs - petit suisses and skyr,Plain fermented dairy desserts,Fresh cheeses,fr:Fromages blancs,fr:Fromages blancs natures",Ø­Ù„ÙŠØ¨ Ø¨Ø¯ÙˆÙ† Ù‚Ø´Ø¯Ø© ØŒÙ‚Ø´Ø¯Ø© ØŒÙ…Ø³Ø­ÙˆÙ‚ Ø­Ù„ÙŠØ¨ Ø¨Ø¯ÙˆÙ† Ù‚Ø´Ø¯Ø©ØŒ Ø³ÙƒØ±ØŒ ÙƒÙ„ÙˆØ±ÙˆØ± Ø§Ù„ÙƒØ§Ù„Ø³ÙŠÙˆÙ…ØŒ  Ø®Ù…Ø§Ø¦Ø± Ø­Ù„ÙŠØ¨ÙŠØ©,,137.0,7.0,7.2,7.0,0.5,Dairy
PÃ¢te Ã  tartiner noisettes et cacao,Bonne Maman,"Breakfasts,Spreads,Sweet spreads,fr:PÃ¢tes Ã  tartiner,Hazelnut spreads,Chocolate spreads,Cocoa and hazelnuts spreads","sucre, _noisettes_ 20%, huiles vÃ©gÃ©tales (tournesol, colza), _lait_ Ã©crÃ©mÃ© en poudre, cacao maigre en poudre 5,5%, beurre de cacao, Ã©mulsifiant : lÃ©cithine de tournesol, extrait de vanille, Peut contenir d'autres _fruits Ã  coque_,","fr:Bocal en verre, fr:Capsule en mÃ©tal, en:glass-jar, en:steel-lid",551.0,34.0,51.0,6.7,0.1,Breakfast
Familia 200g,,"Aliments et boissons Ã  base de vÃ©gÃ©taux, Produits laitiers, Aliments d'origine vÃ©gÃ©tale, MatiÃ¨res grasses, Produits Ã  tartiner, PÃ¢tes Ã  tartiner vÃ©gÃ©tales, MatiÃ¨res grasses Ã  tartiner, MatiÃ¨res grasses vÃ©gÃ©tales, MatiÃ¨res grasses animales, MatiÃ¨re grasse laitiÃ¨re, en:dairy-spread, Margarines, Beurres","Margarine allÃ©gÃ©e (60%M.G.):Corps gras et huiles 100% vÃ©gÃ©tales, eau, sel (1%), lÃ©cithine (E322), MonoglycÃ©ride (E471), Amidon, Sorbate de potassium (E202), Acide citrique (E330), ArÃ´me, Antioxydant (E321), Colorant, Vitamines. Contient du soja.",verre,532.0,60.0,0.0,0.2,0.0,Condiments
Weetabix,Weetabix,"Plant-based foods and beverages,Plant-based foods,Breakfasts,Cereals and potatoes,Cereals and their products,Breakfast cereals","Wholegrain Wheat (95%), Malted Barley Extract, Sugar, Salt, Niacin, Iron, Riboflavin (B2), Thiamin (B1), Folic Acid.","Box, Container, Card-box, Paper-sleeve",358.0,2.11,4.21,11.8,0.257,Breakfast
Nocciolata,Rigoni Di Asiago,"Petit-dÃ©jeuners,Produits Ã  tartiner,Produits Ã  tartiner sucrÃ©s,PÃ¢tes Ã  tartiner,PÃ¢tes Ã  tartiner aux noisettes,PÃ¢tes Ã  tartiner au chocolat,PÃ¢tes Ã  tartiner aux noisettes et au cacao","raw sugar, hazelnut paste 18,5%, sunflower oil, skimmed milk powder, low-fat cocoa powder 6,5%, cocoa butter, emulsifier: soy lecithin, vanilla extract",,544.0,32.0,51.0,8.1,0.125,Other
Eau MinÃ©rale Naturelle,Volvic,"beverages-and-beverages-preparations, beverages, waters, spring-waters, mineral-waters, natural-mineral-waters, getrÃ¤nke, de:mineralwasser, natÃ¼rliches-mineralwasser, de:quellwasser, de:wasser",Eau minerale naturelle,"Plastique,Bouteille ou Flacon,Bouteille,Plastikflasche",0.0,0.0,0.0,0.0,0.003,Beverages
Dark chocolate,Green & Black's,"Snacks,Snacks sucrÃ©s,Cacao et dÃ©rivÃ©s,Confiseries,Confiseries chocolatÃ©es,Chocolats,Chocolats noirs","pÃ¢te de cacao*, beurre de cacao*, cacao maigre en poudre*, sucre de canne*, extrait de vanille*, * ingrÃ©dients issus de l'agriculture biologique","1 film to recycle, 1 paper wrap to recycle, en:paper-wrapper, en:foil-wrapper",607.0,50.0,14.0,10.0,0.13,Snacks
Excellence 85% Cacao Chocolat Noir Puissant,Lindt,"Snacks, Snacks sucrÃ©s, Cacao et dÃ©rivÃ©s, Chocolats, Chocolats noirs, Chocolats noirs en tablette","Fraises 85%, PÃ¢te de cacao, cacao maigre, beurre de cacao, cassonade, vanille. Peut contenir du lait, des fruits Ã  coque, du soja et des graines de sÃ©same.","fr:emballage carton,fr:papier aluminium",584.0,46.0,15.0,12.5,0.02,Snacks
Tartine Doux,PrimevÃ¨re,"Aliments et boissons Ã  base de vÃ©gÃ©taux, Aliments d'origine vÃ©gÃ©tale, MatiÃ¨res grasses, Produits Ã  tartiner, PÃ¢tes Ã  tartiner vÃ©gÃ©tales, Produits Ã  tartiner salÃ©s, MatiÃ¨res grasses Ã  tartiner, MatiÃ¨res grasses vÃ©gÃ©tales, Margarines, Margarines allÃ©gÃ©es","vegetable oils and fats nonhydrogenated 54 % rapeseed,    coconut,    palm,    palm kernel,    water,    emulsifiers : mono and diglycerides of fatty acids,    sunflower lecithin,    salt,    natural flavourings,    antioxidant : extracts of rosemary,    concentrated lemon juice,    colouring agents : annatto,    curcumin,    vitamin b1,","Barquette,en:Opercule en mÃ©tal,Plastique",495.0,55.0,0.0,0.0,0.4,Other
FourrÃ©s Chocolat Noir,Bjorg,"Snacks, Snacks sucrÃ©s, Biscuits et gÃ¢teaux, Biscuits, Biscuits au chocolat, Biscuits fourrÃ©s, Biscuits au chocolat noir","Farine de blÃ©* 39%, Chocolat noir* 25% (pÃ¢te de cacao*, sucre de canne*, beurre de cacao*) Sucre de canne* roux non raffinÃ©,  Farine complÃ¨te de blÃ©* 15%, Huile de tournesol olÃ©ique*,  ArÃ´me naturel de vanille,  Lait* Ã©crÃ©mÃ© en poudre, Sel de mer, Poudres Ã  lever: carbonates d'ammonium, carbonates de sodium Ã‰paississant: gomme d'acacia* Antioxydant: extraits de romarin* Peut contenir des traces de soja, d'Å“ufs, de fruits Ã  coque, de graines de sÃ©same et de moutarde.","Ã‰tui,Carton,Plastique,Sec,Film",481.0,20.0,27.0,7.6,0.49,Snacks
Extra dark chocolate 74% cacao,Fin CarrÃ©,"snacks, sweet-snacks, cocoa-and-its-products, chocolates, dark-chocolates, cacao-et-derives, fr:chocolats, fr:chocolats-noirs, fr:chocolats-noirs-extra-fin","cocoa mass, sugar, cocoa butter, fat reduced cocoa powder, emulsifier: lecithins (soya), natural vanilla flavouring, dark chocolate contains: cocoa solids 74% minimum,","Plastikowe,Mixed plastic-packet,Sachet plastique de 3g,",571.0,42.0,26.0,9.9,0.02,Snacks
El Baraka Confiture De Fraises 430 G,El Baraka,"Aliments et boissons Ã  base de vÃ©gÃ©taux,Aliments d'origine vÃ©gÃ©tale,Petit-dÃ©jeuners,Produits Ã  tartiner,PÃ¢tes Ã  tartiner vÃ©gÃ©tales,Produits Ã  tartiner sucrÃ©s,Confitures et marmelades,Confitures,Confitures de fruits rouges,Confitures de fraises","Fraises (56%), Sucre, gÃ©lifiant (E-440) et acidifiant (E-330).",,256.0,0.5,62.0,0.5,0.02,Produce
Hawai Tropical,"Hawai,Coca cola","Boissons,Boissons gazeuses,Sodas","Ù…Ø§Ø¡ ØºØ§Ø²ÙŠ, Ø³ÙƒØ±, Ù…Ø±ÙƒØ² Ø¹ØµÙŠØ± Ø§Ù„Ø¨Ø±ØªÙ‚Ø§Ù„, Ù…Ø­Ù„ÙŠØ§Øª, Ù…ÙˆØ§Ø¯ Ø­Ø§ÙØ¸Ø©, Ù…Ø«Ø¨Øª, Ù†ÙƒÙ‡Ø§Øª Ø·Ø¨ÙŠØ¹ÙŠØ©","Plastique,Bouteille ou Flacon,Bouteille,MatÃ©riau recyclable,Plastique recyclable",41.0,0.0,9.5,0.0,0.026,Other
Skyr Nature,Yoplait,"Produits laitiers,Produits fermentÃ©s,Produits laitiers fermentÃ©s,Desserts,Desserts lactÃ©s,Desserts lactÃ©s fermentÃ©s,Fromages blancs - petit suisses et skyr,Desserts lactÃ©s fermentÃ©s nature,Skyrs,Skyrs nature,Fromages",Yaourt maigre (Lait). Lait d'origine France.,,171.0,1.5,10.8,28.5,0.42,Other
Pur beurre de cacahuÃ¨te,"Jardin Bio,LÃ©a Nature","Aliments et boissons Ã  base de vÃ©gÃ©taux,Aliments d'origine vÃ©gÃ©tale,LÃ©gumineuses et dÃ©rivÃ©s,Petit-dÃ©jeuners,Produits Ã  tartiner,Fruits Ã  coques et dÃ©rivÃ©s,PÃ¢tes Ã  tartiner vÃ©gÃ©tales,Produits Ã  tartiner sucrÃ©s,PurÃ©es d'olÃ©agineux,Beurres de lÃ©gumineuses,PÃ¢tes Ã  tartiner,Beurres de fruits Ã  coques,Beurres de cacahuÃ¨tes",CACAHUETES issues de l'agriculture biologique. Peut contenir des traces de FRUITS A COQUE et de graines de SESAME.,"Metal,Glass,Jar,Lid",625.0,50.0,5.1,29.0,0.0,Produce
Star Mayonaise,Star,"en:Condiments, en:Sauces, en:Mayonnaises, en:groceries","Ú©Ù„ÙˆØ³ÛŒØ¯ g Øº Ø§Ù„Ù…ÙƒÙˆÙ†Ø§Øª : Ø²ÙŠØª Ø§Ù„ØµÙˆØ¬Ø§ØŒ Ù…Ø§Ù† ÙƒÙ„ Ø§Ù„Ù…Ø§Ø¦Ø¯Ø©ØŒ Ø£ØµÙØ± Ø§Ù„Ø¨ÙŠØ¶ØŒ Ø®Ø±Ø¯Ù„*ØŒ Ù…Ù„Ø­ØŒ Ù…Ø«Ø¨Øª E415ØŒ Ù…ÙˆØ§Ø¯ Ø­Ø§ÙØ¸Ø©:)1 21 ,E202( Ùˆ Ù…Ø¶Ø§Ø¯Ø§Øª Ø§Ù„Ø£ÙƒØ³Ø¯Ø©:(0E385 ÙŠØ­ØªÙˆÙŠ Ø¹Ù„Ù‰ Ø§Ù„Ø³ÙˆÙ„ÙÙŠØª Glucides","Verre, Pot",563.0,62.0,0.0,1.2,5.0,Condiments
Pain de mie grandes tranches Seigle & Graines 500g,La BoulangÃ¨re,"Plant-based foods and beverages,Plant-based foods,Cereals and potatoes,Seeds,Cereals and their products,Cereal grains,Breads,Secale,Sliced breads,Rye,Rye breads","Farine de BLÃ‰* 41 % , eau, graines de lin brun 6,1 %, graines de lin jaune 6,1 %, graines de tournesol dÃ©cortiquÃ©es 6 %, farine de SEIGLE 5,1 %, GLUTEN DE BLÃ‰, farine d'ORGE maltÃ©e torrÃ©fiÃ©e, levure, extrait de malt d'ORGE, sel, vinaigre, arÃ´me naturel (contient alcool), conservateur : propionate de calcium, jus d'acÃ©rola dÃ©shydratÃ©. Traces Ã©ventuelles d'Å“ufs, lait, graines de sÃ©same, soja et moutarde. * IngrÃ©dient issu du commerce Ã©quitable franÃ§ais.","Sec,Fermoir plastique,Sachet plastique",297.0,9.6,4.2,12.0,0.96,Grains
Organic - Lightly Salted - Wholegrain Low Fat - Rice Cakes imp,KallÃ¸,"Plant-based foods and beverages,Plant-based foods,Cereals and potatoes,Cereals and their products,Puffed cereal cakes,Puffed rice cakes,Puffed wholegrain rice cakes","Organic wholegrain rice 99.8%, Sea Salt","Plastic, Bag, Unknown, en:ldpe-wrapper",394.0,2.8,0.5,8.5,0.295,Grains
Green Tea,green tea,"Aliments et boissons Ã  base de vÃ©gÃ©taux,Boissons,Boissons chaudes,Boissons Ã  base de vÃ©gÃ©taux,ThÃ©s,ThÃ©s verts,ThÃ©s verts chinois,the vert",,,0.5,0.5,0.2,0.5,0.1,Other
Lait Entier UHT,Jaouda,"Produits laitiers,Laits,Laits homogÃ©nÃ©isÃ©s,Laits UHT,Laits entiers,Lait entier UHT",lait entier,Souad,58.0,3.63,4.2,3.0,0.0,Other
FIBRES,Wasa,"Aliments et boissons Ã  base de vÃ©gÃ©taux,Aliments d'origine vÃ©gÃ©tale,CÃ©rÃ©ales et pommes de terre,Pains,Pains croustillants,Pains croustillants complets","Farine complÃ¨te de SEIGLE (59 g*), son de BLÃ‰ (27 g*), flocons d'AVOINE (12 g*), GRAINES DE SÃ‰SAME (7,0 g*), germe de BLÃ‰, sel. *en g pour 100 g de produit fini. Peut contenir des traces de LUPIN, LAIT, MOUTARDE et SOJA.","Carta,Busta",333.0,5.0,2.0,13.0,1.2,Other
14 Maxi Tranches complet sans sucres ajoutÃ©s,Jacquet,"Plant-based foods and beverages, Plant-based foods, Cereals and potatoes, Breads, Sliced breads, Wholemeal breads, Wholemeal sliced breads","IngrÃ©dients: Farine complÃ¨te de blÃ© (63%), eau, farine de blÃ© (2,2%), huile de colza, levure, arÃ´me naturel (contient alcool), sel, farine de maÃ¯s fermentÃ©e, gluten de blÃ©, jus d'acÃ©rola en poudre. PrÃ©sence possible de: Lait, Å“ufs, graines de sÃ©same.","Plastic,Bag,Clip en plastique,Enveloppe",243.0,3.0,3.8,8.7,1.2,Grains
Mayonnaise,Star,"Condiments,MatiÃ¨res grasses,Sauces,Mayonnaises,en:groceries","Ø§Ù„Ù…ÙƒÙˆÙ†Ø§Øª: Ø²ÙŠØª Ø§Ù„ØµÙˆØ¬Ø§ØŒ Ù…Ø§Ø¡ØŒ Ø®Ù„ Ø§Ù„Ù…Ø§Ø¦Ø¯Ø©, Ø£ØµÙØ± Ø§Ù„Ø¨ÙŠØ¶ØŒ Ø®Ø±Ø¯Ù„*ØŒ Ù…Ù„Ø­, Ù…Ø«Ø¨Øª E415ØŒ Ù…ÙˆØ§Ø¯ Ø­Ø§ÙØ¸Ø©: (E202,E211) ÙˆÙ…Ø¶Ø§Ø¯Ø§Øª Ø§Ù„Ø£ÙƒØ³Ø¯Ø©:( E330, E385) 
*ÙŠØ­ØªÙˆÙŠ Ø¹Ù„Ù‰ Ø§Ù„Ø³ÙˆÙ„ÙÙŠØª",Verre,592.0,65.21,0.05,1.12,1.75,Condiments
Krisprolls complets sans sucres ajoutÃ©s,Krisprolls,"Aliments et boissons Ã  base de vÃ©gÃ©taux,Aliments d'origine vÃ©gÃ©tale,CÃ©rÃ©ales et pommes de terre,Pains,Pains grillÃ©s,Petits pains grillÃ©s","whole blÃ© flour (63%), blÃ© flour, vegetable oils (palme, colza), yeast, orge malt, salt,",1 Sachet en papier Ã  recycler,400.0,6.6,1.1,13.0,1.1,Other
Henryâ€™s,Henryâ€™s,"Snacks,Snacks sucrÃ©s,Biscuits et gÃ¢teaux,Biscuits sucrÃ©s & biscuits apÃ©ritifs,Biscuits","farine de froment, sucre, Graisse vÃ©gÃ©tale , Sucre inverti, Agents levants (Bicarbonate d'ammonium, Bicarbonate de sodium), arÃ´me vanille",Papier,440.0,10.8,24.2,7.65,0.882,Snacks
Pesto Genovese 190g Barilla,Barilla,"Condiments, Sauces, Pasta sauces, Pestos, Green pestos, Groceries","sunflower oil, fresh basil 30%, cashew nuts, parmigiano reggiano pdo cheese 5%, (milk), maize fibre, whey powder (milk), salt, milk protein, extra virgin olive oil, sugar, basil extract, natural flavourings (milk), acidity regulator: lactic acid, garlic","Glass,Bocal",492.0,47.0,5.0,4.7,3.2,Grains
Momo black,Excelo,"Snacks,Snacks sucrÃ©s,Biscuits et gÃ¢teaux,Biscuits,en:Biscuit-snack-with-chocolate-filling","Farine de blÃ©, sucre, huile vÃ©gÃ©tale hydrogÃ©nÃ©e (palme), cacao en poudre (3,4%), rÃ©gulateur d'aciditÃ© (acide citrique (E330), acide tartrique (E334)), poudre Ã  lever (bicarbonate d'ammonium et bicarbonate sodium), Ã©mulsifiant vÃ©gÃ©tal (lÃ©cithine de soja (E322)) et sel.",,497.0,21.0,27.0,7.0,0.32,Snacks
,Star,"Condiments, Sauces, Algerian-sauces, Groceries, en:algerian-style-sauces",gluten freee,,385.56,33.0,16.0,1.31,2.2,Condiments
Tomato Ketchup,Heinz,"Condiments, Sauces, Tomato sauces, Ketchup, Tomato Ketchup, Groceries","tomatoes, spirit vinegar, sugar, salt, spice and herb extracts (contain _celery_), spice","Plastic, Bottle, Mixed plastic-lid, Pet-bottle, Product",102.0,0.1,22.8,1.2,1.77,Condiments
Confiture d'abricot,Delicia,"Aliments et boissons Ã  base de vÃ©gÃ©taux,Aliments d'origine vÃ©gÃ©tale,Petit-dÃ©jeuners,Produits Ã  tartiner,PÃ¢tes Ã  tartiner vÃ©gÃ©tales,Produits Ã  tartiner sucrÃ©s,Confitures et marmelades,Confitures,Confitures d'abricot","Abricots, sucre, acide citrique",,272.0,0.0,50.0,0.41,0.0,Other
cruesly mÃ©lange de noix,Quaker,"Aliments et boissons Ã  base de vÃ©gÃ©taux, Aliments d'origine vÃ©gÃ©tale, Petit-dÃ©jeuners, CÃ©rÃ©ales et pommes de terre, CÃ©rÃ©ales et dÃ©rivÃ©s, CÃ©rÃ©ales pour petit-dÃ©jeuner, Mueslis, CÃ©rÃ©ales aux fruits Ã  coques, PÃ©pites de cÃ©rÃ©ales croustillantes, PÃ©pites de cÃ©rÃ©ales aux fruits Ã  coques","_avoine_ complÃ¨te (32%), _blÃ©_ complet (18%), sirop de glucose, huile de tournesol, sucre, _amandes_ grillÃ©es (4,2%), _noisettes_ (4%), oligofructose, _noix de PÃ©can_ (1,5%), farine de _blÃ©_, farine de riz, _noix du BrÃ©sil_ (1%), miel, arÃ´mes naturels, antioxydant (tocophÃ©rol).","Sachet,BoÃ®te",462.0,19.0,12.0,8.5,0.0,Produce
Nutella,"Ferrero, Nutella","Petit-dÃ©jeuners, Produits Ã  tartiner, Produits Ã  tartiner sucrÃ©s, PÃ¢tes Ã  tartiner, PÃ¢tes Ã  tartiner aux noisettes, PÃ¢tes Ã  tartiner au chocolat, PÃ¢tes Ã  tartiner aux noisettes et au cacao","Sucre, huile de palme, NOISETTES 13%, LAIT Ã©crÃ©mÃ© en poudre 8,7%, cacao maigre 7,4%, Ã©mulsifiants : lÃ©cithines [ SOJA ] vanilline","Bouchon ou couvercle,Plastique,Verre,Pot,Support,Couvercle,Opercule,Tarro,container",539.0,30.9,56.3,6.3,0.107,Other
Original,"Tuc,LU,MondelÄ“z","snacks, snacks-salÃ©s, amuse-gueules, biscuits-sucrÃ©s-&-biscuits-apÃ©ritifs, da:crackers","Farine de _BLÃ‰_, huile de palme, sirop de glucose, extrait de malt d'_ORGE_, poudres Ã  lever (carbonates d'ammonium, carbonates de sodium), sel, _OEUFS_, arÃ´me, agent de traitement de la farine (_DISULFITE_ de sodium).",PlÃ¡stico,482.0,19.0,7.1,8.3,1.7,Snacks
,IdÃ©al,"Sweeteners,Sugars,Vanillin sugars","sucre, amidon de maÃ¯s, Ã©thylvanilline",Boite en carton,392.0,0.0,89.4,0.0,0.0,Sweets
S. Pellegrino Water,"San Pellegrino,NestlÃ© Waters,NestlÃ©","Boissons et prÃ©parations de boissons,Boissons,Boissons gazeuses,Eaux,Eaux de sources,Eaux minÃ©rales,Eaux gazeuses,Eaux minÃ©rales naturelles,Eaux minÃ©rales gazeuses,Eau minÃ©rale naturelle gazÃ©ifiÃ©e,en:Boissons-sans-sucre-ajoute",carbonated water 100%,"en:1 Bouchon en plastique,en:1 Bouteille en plastique de 1L (30% de plastique recyclÃ©),en:1 Ã©tiquette en papier,en:Hdpe-cap,en:Pet-bottle,bottiglia pet",0.0,0.0,0.0,0.0,0.0,Other
nutella,"Nutella,Ferrero","petit-dÃ©jeuners, produits-Ã -tartiner, produits-Ã -tartiner-sucrÃ©s, pÃ¢tes-Ã -tartiner, pÃ¢tes-Ã -tartiner-aux-noisettes, pÃ¢tes-Ã -tartiner-au-chocolat, pÃ¢tes-Ã -tartiner-aux-noisettes-et-au-cacao, en:creme-para-barrar-de-avelÃ£, en:creme-para-barrar-de-avelÃ£-e-cacau, pt:creme-para-barrar-de-chocolate, pt:doces-para-barrar, pt:gorduras-para-barrar, en:pequenos-alomoÃ§os, pt:produtos-para-barrar","Sucre, huile de palme, _NOISETTES_ 13%, _LAIT_ Ã©crÃ©mÃ© en poudre 8,7%, cacao maigre 7,4%, Ã©mulsifiants : lÃ©cithines [_SOJA_] ; vanilline.",,539.0,30.9,56.3,6.3,0.107,Sweets
PrimevÃ¨re bio doux tartine & cuisson,PrimevÃ¨re,"Plant-based foods and beverages, Plant-based foods, Fats, Spreads, Plant-based spreads, Salted spreads, Spreadable fats, Vegetable fats, Margarines, en:light-margarines","Huiles vÃ©gÃ©tales non hydrogÃ©nÃ©es 54.5% (colza, palme), eau, Ã©mulsifiant (lÃ©cithine de tournesol), sel, arÃ´me naturel de noix de coco, jus de citron concentrÃ©","Plastic,Box,Fresh,Tray,fr:Opercule en mÃ©tal",485.0,55.0,0.0,0.0,0.4,Beverages
Vegan Bouillon powder reduced salt,Marigold,"Plant-based foods and beverages, Plant-based foods, Dried products, Dried plant-based foods, Dried products to be rehydrated, Broths, Dehydrated broths, Vegetable broths, Bouillon powders, Dehydrated vegetable bouillons, Vegetable bouillon powders, Groceries","Sea salt, Potato starch, Hydrolysed vegetable protein, Vegetable oil (sunflower, rapeseed), (onion, parsnip, carrot, leek), Celery seed, Parsley, Turmeric, White pepper, Garlic, Mace, Lovage, Nutmeg.","Card-tube, Foil-tube, en:foil-film, en:ldpe-lid, en:other plastic-pot",241.0,8.4,3.9,9.6,43.8,Beverages
DANONE ASSIL BANANE,Danone,"produits-laitiers, produits-fermentÃ©s, desserts, produits-laitiers-fermentÃ©s, desserts-lactÃ©s, desserts-lactÃ©s-fermentÃ©s, yaourts, en:produits-fermentÃ©s, fr:produits-laitiers, en:produits-laitiers-fermentÃ©s, fr:yaourts","ÙŠÙˆØºÙˆØ±Øª Ø¹Ø§Ù‚Ø¯ - Ø§ Ø³Ú©Ø±. Ù‚Ø´Ø¯Ø©ØŒ Ø²Ø¨Ø¯Ø©ØŒ Ù†ÙƒÙ‡Ø©ØŒ Ø®Ù…Ø§Ø¦Ø± Ø­Ù„ÙŠØ¨ÙŠØ© Ù„Ù„ÙŠÙˆØºÙˆØ±Øª. Ù…. Ø¯: %1.80 Ù…ØµÙ†ÙˆØ¹ Ù Ø®Ø· Ù‚Ø¯ ÙŠÙ…ÙƒÙ† Ø£Ù† ÙŠØ­ØªÙˆÙŠ Ø¹Ù„Ù‰ Ø§Ù„ÙƒÙ„ÙˆØªÙŠÙ† Ùˆ Ø§Ù„ÙØ³ØªÙˆÙ‡ Ø±Ù‚Ù… Ø§Ù„Ø§Ø¹ØªÙ…Ø§Ø¯ Ø§Ù„ØµØ­ÙŠ 0NSSA Ø› 2.1,13 LPL Ø§Ù„ÙˆØ²Ù† Ø§Ù„ØµØ§ÙÙŠ : 10 Ù„Ù…ÙƒÙˆÙ†Ø§Øª Ø­Ù„ÙŠØ¨ Ø¨Ø¯ÙˆÙ† Ù‚Ø´Ø¯Ø©ØŒ Ù…Ø³Ø­ÙˆÙ‚ Ø§Ù„Ø­Ù„ÙŠØ¨ Ø¨Ø¯ÙˆÙ† Ù‚Ø´Ø¯Ø© ØªØµÙ†ÙˆØ¹ Ø®Ø· Ù‚Ø¯ 4e Ø³ØªØ·Ø±Ø§Ù„ - Ø¯Ø§Ù†ÙˆÙ† - Ø·Ø±ÙŠÙ‚ Ù‚Ù†ÙŠØ·Ø±Ø¯Ø±Ù‡ ØªØ§Ø±ÙŠØ© Ø§Ù„Ø¥ÙØªØ§Ø¬ - ØªØ§Ø±ÙŠØ® Ø§Ø¯ØªÙ‡Ø§Ø¡ Ø§Ù†Ø¹Ø² ÙˆØ¹ 6Ø¨Ø§ Ø¹Ù„ÙŠ Ù„Ø§ Ø¹Ùˆ Ø± ek TT10322 OO TO",Glass,95.5,2.8,9.0,3.5,0.0,Other
RaÃ®bi,Jaouda,"fr:Yaourt Ã  boire de grenadine, en:yogurts",lait frais partiellement Ã©crÃ©mÃ©'sucre'colorant:amidon ' arÃ´me 'correcteur d'aciditÃ© :acide citrique'ferments lactiques sÃ©lectionnÃ©s' matiÃ¨re grasse:1'3%,Plastique,75.3,1.38,13.5,2.48,0.0,Dairy
1848 Chocolat en poudre,Poulain,"Beverages, Cocoa and its products, Cocoa and chocolate powders, Instant beverages, Chocolate-powders, B, en:instant-chocolate-powders","Cacao maigre (11% de beurre de cacao) en poudre (50%), sucre, arÃ´me. Peut contenir lait et soja.",,515.0,26.0,61.0,7.1,0.245,Sweets
El Baraka Confiture D'abricots 430 G,el baraka,"Aliments et boissons Ã  base de vÃ©gÃ©taux, Aliments d'origine vÃ©gÃ©tale, Petit-dÃ©jeuners, Produits Ã  tartiner, PÃ¢tes Ã  tartiner vÃ©gÃ©tales, Produits Ã  tartiner sucrÃ©s, Confitures et marmelades, Confitures, Confitures d'abricot","IngrÃ©dienb'. Sucre, Abricots (50%), gÃ©lifiant : Pectine de fruits et correcteur d'aciditÃ© : acide citriques.",,244.0,0.0,50.0,0.44,0.25,Other
Jebli,"Jebli,Centrale,Danone","Ù…Ù†ØªØ¬Ø§Øª`Ø§Ù„Ø£Ù„Ø¨Ø§Ù†, Ø§Ù„Ø£Ø·Ø¹Ù…Ø© Ø§Ù„Ù…Ø®Ù…Ø±Ø©, en:Fermented milk products, en:Spreads, Ø¬Ø¨Ù†, en:Salted spreads, en:Cheese spreads, en:Cream cheeses",Ø¬Ø¨Ù† Ø£Ø¨ÙŠØ¶ØŒ Ù‚Ø´Ø¯Ø© Ù…Ø§Ø¡ØŒ Ø¨Ø±ÙˆØªÙŠÙ†Ø§Øª Ø§Ù„Ø­Ù„ÙŠØ¨ Ù…Ù„Ø­ØŒ Ù…Ø®Ø«Ø±Ø§Øª )Ù†Ø´Ø§ØŒ Ø£ØºØ§Ø±ØŒ Ø¹Ù„ÙƒØ© Ø§Ù„Ø²ØªØ§Ù†(ØŒ Ù…Ø§Ø¯Ø© Ø­Ø§ÙØ¸Ø© )Ø³ÙˆØ±Ø¨Ø§Øª Ø§Ù„Ø¨ÙˆØªØ§Ø³ÙŠÙˆÙ…(ØŒ Ù†ÙƒÙ‡Ø©. ÙŠØ­ÙØ¸ ÙÙŠ Ø§Ù„Ø¨Ø±ÙˆØ¯Ø© Ø¨ÙŠÙ† 4 Ùˆ 6Â° 19 % Ù…Ù† Ø§Ù„Ù…ÙˆØ§Ø¯ Ø§Ù„Ø¯Ø³Ù…Ø©.,fr:pot en plastique,225.0,19.0,0.0,6.5,0.76,Dairy
NATURAL YOGURT,Milbona Lidl,"Dairies,Fermented foods,Fermented milk products,Desserts,Dairy desserts,Fermented dairy desserts,Yogurts,Greek-style yogurts",Milk,"fr:hdpe-pot, en:pp-tub",126.0,10.0,4.4,4.1,0.25,Dairy
Yaourt Grec Muesli,Jaouda,"Produits laitiers, Produits fermentÃ©s, Desserts, Produits laitiers fermentÃ©s, Desserts lactÃ©s, Desserts lactÃ©s fermentÃ©s, Yaourts, Yaourts Ã  la grecque, Yaourts au lait de brebis","Lait frais, crÃ¨me, poudre lait, sucre, amidon, prÃ©paration de cÃ©rÃ©ales et de fruits secs (amandes, noix, miel, raisins secs, blÃ©, avoine, seigle), ferments lactiques, arÃ´mes MatiÃ¨re grasse: 7%",,140.0,7.0,9.0,3.3,0.0,Other
Eyoo cover,EXCELO,"Snacks, Snacks sucrÃ©s, Biscuits et gÃ¢teaux, Biscuits, Biscuits au chocolat, en:Biscuits-et-gateaux, en:Biscuits-fourres, en:Snacks-sucres, Biscuit-au-cacao-avec-fourrage-goÃ»t-vanille-et-enrobÃ©-au-cacao","Sucre, Farine de blÃ© tendre, Graisses vÃ©gÃ©tales (Palme, KaritÃ©), Cacao en poudre, Sirop de glucose, Amidon de maÃ¯s, Poudre de lait, Poudre de lactosÃ©rum, Lait entier en poudre, Masse de cacao, Poudre Ã  lever (Bicarbonate de sodium et d'ammonium), Sel, Emulsifiant (LÃ©cithine de soja (E322), et Vaniline.",Plastique,452.0,23.0,0.0,6.0,0.0,Snacks
La salvetat,"La Salvetat,Danone","Boissons et prÃ©parations de boissons,Boissons,Boissons gazeuses,Eaux,Eaux de sources,Eaux minÃ©rales,Eaux gazeuses,Eaux minÃ©rales naturelles,Eaux minÃ©rales gazeuses,Eau minÃ©rale naturelle gazÃ©ifiÃ©e","EAU MINÃ‰RALE NATURELLE ( du Haut-Languedoc ), GAZ CARBONIQUE","Plastique,Bouteille",0.0,0.0,0.0,0.0,0.00125,Other
Coca-Cola zero azÃºcar,Coca-Cola,"GetrÃ¤nke und GetrÃ¤nkezubereitungen,GetrÃ¤nke,KohlensÃ¤urehaltige GetrÃ¤nke,GetrÃ¤nke mit SÃ¼ÃŸstoff,ErfrischungsgetrÃ¤nke,Kalorienarme GetrÃ¤nke,Cola,Kalorienarme ErfrischungsgetrÃ¤nke,Kalorienarme Colas","carbonated water, colour (caramel e150d), acid (phosphoric acid), sweeteners (aspartame, acesulfame k), natural flavourings (including caffeine), acidity regulator (sodium citrates) contains a source of phenylalanine,","Metal,Recyclable Metals,Aluminium,Can,Drink can",0.2,0.0,0.0,0.0,0.02,Other
Tartines craquantes au sarrasin imp,"Le pain des Fleurs,Ekibio","Aliments et boissons Ã  base de vÃ©gÃ©taux,Aliments d'origine vÃ©gÃ©tale,Snacks,CÃ©rÃ©ales et pommes de terre,Pains,Tartines craquantes extrudÃ©es,Pains croustillants","Farine de sarrasin*, sucre de canne blond**, cacao en poudre** (6,3%). *issu de l'agriculture biologique. **ingrÃ©dients biologiques issus du Commerce Ã‰quitable.","Plastic,Cardboard",388.0,2.8,2.6,13.4,0.68,Snacks
Pomme ğŸ ğŸ NoisetteğŸ¥œ,GerblÃ©,"Snacks, Snacks sucrÃ©s, Biscuits et gÃ¢teaux, Biscuits sucrÃ©s & biscuits apÃ©ritifs, Biscuits, Biscuits secs","Farine de _blÃ©_ 68,5 %, huile de colza, sirop de sucres issu de fruits, jus concentrÃ© de pomme 5,3 %, _noisettes_ torrÃ©fiÃ©es 5,3 %, germe de _blÃ©_ 5,2 %, fibres de chicorÃ©e: fructose-oligo-saccharides, extrait de malt d'_orge_, arÃ´me naturel de pomme, Ã©mulsifiant : lÃ©cithines de colza, amidon de _blÃ©_ , poudres Ã  lever (tartrates de potassium, carbonates de potassium), vitamines B1, B2, B6, B9, PP et E,",R PENSEZ AU TRI ! FILM PLASTIQUE ETUI CARTON Ã€ JETER O A RECYCLER,453.0,17.0,11.0,9.8,0.01,Snacks
Dark Rye Crispbread,Ryvita,"Plant-based foods and beverages,Plant-based foods,Cereals and potatoes,Breads,Crispbreads,Rye breads","wholegrain rye flour, salt","Mixed plastic-packet, Product",352.0,1.14,2.86,10.5,0.705,Grains
Family Pack,Weetabix,"Aliments et boissons Ã  base de vÃ©gÃ©taux,Aliments d'origine vÃ©gÃ©tale,Petit-dÃ©jeuners,CÃ©rÃ©ales et pommes de terre,CÃ©rÃ©ales et dÃ©rivÃ©s,CÃ©rÃ©ales pour petit-dÃ©jeuner,CÃ©rÃ©ales pour petit dÃ©jeuner riches en fibres","Wholegrain _Wheat_ (95%), Malted _Barley_ Extract, Sugar, Salt, Niacin, Iron, Riboflavin (B2), Thiamin (B1), Folic Acid.","BoÃ®te, Carton, en:card-box, en:mixed plastic-bag",362.0,2.0,4.2,12.0,0.28,Other
Haferflocken,Crownfield,"Plant-based foods and beverages, Plant-based foods, Breakfasts, Cereals and potatoes, Cereals and their products, Breakfast cereals, Flakes, Cereal flakes, Rolled flakes, Rolled oats","soft whole-oat flakes,","22 PAP,Bolsa",372.0,7.0,0.7,13.5,0.03,Breakfast
Le Beurre Tendre Doux,"Elle & Vire,Savencia","Dairies, Fats, Spreads, Spreadable fats, Animal fats, Milkfat, Dairy-spread, Butters, Unsalted butters, Sweet cream butters, Butter-82-fat-unsalted-easy-to-spread, fr:Beurres tendres","cream (origin france), milk fat , lactic ferments,","Plastic,Fresh,PP - Polypropylene,Protective gas,Tray,fr:Barquette et couvercle et opercule Ã  jeter,fr:Barquette plastique",744.0,82.0,0.8,0.7,0.05,Dairy
LBEN CARTON PASTEURISER,Jaouda,"Boissons,Produits laitiers,Produits fermentÃ©s,Produits laitiers fermentÃ©s,Boissons lactÃ©es,Laits,Boissons fermentÃ©es,Boissons lactÃ©es fermentÃ©es,Lait fermentÃ© Ã  boire nature maigre","Lait frais partiellement Ã©crÃ©mÃ©, ferments lactiques.matiÃ¨re grasse 14g/L",Carton,45.0,1.3,0.0,3.2,0.0,Other
Organic Vegetable Stock Cubes,KallÃ¸,"Plant-based foods and beverages,Plant-based foods,Dried products,Dried plant-based foods,Dried products to be rehydrated,Broths,Dehydrated broths,Vegetable broths,Bouillon cubes,Broth stock,Dehydrated vegetable bouillons,Vegetable bouillon cubes,vegetable stock cube","Sea salt, potato starch, sustainable palm oil, sugar, vegetables 6.8% (celery, onion, parsnip, tomato), sunflower oil, yeast extract, caramelised sugar, herbs and spices (lovage, turmeric, parsely, black pepper)",Cardboard,7.0,0.4,0.3,0.0,0.9,Beverages
Le Lait demi Ã©crÃ©mÃ©,Jaouda,"Produits laitiers,Laits,Laits homogÃ©nÃ©isÃ©s,Laits demi-Ã©crÃ©mÃ©s,Laits UHT,Laits de vache","Ø¬ÙˆØ¯Ø© Ø­Ù„ÙŠØ¨ Ø·Ø¨ÙŠØ¹ÙŠ Ù†ØµÙ Ø§Ù„Ø¯Ø³Ù… Ù…Ø¹Ù‚Ù… ÙŠØ­ØªÙˆÙŠ Ø¹Ù„Ù‰ 15 Ø§Ù„ Ù…Ù† Ø§Ù„Ù…ÙˆØ§Ø¯ Ø§Ù„Ø¯Ù‡Ù†ÙŠØ© Ø§Ù„Ù…ÙƒÙˆÙ†Ø§Øª Ø­Ù„ÙŠØ¨ Ù†ØµÙ Ø§Ù„Ø¯Ø³Ù… Ø­Ù„ÙŠØ¨ Ù…Ù† Ù…Ø²Ø±Ø¹Ø© Ø¬ÙˆØ¯Ø© Ø­Ù„ÙŠØ¨ UHT Ø¬ÙˆØ¯Ø© Ø®Ø§Ù„Øµ Ù„Ø§ ÙŠØ­ØªÙˆÙŠ Ø¹Ù„Ù‰ Ù…ÙˆØ§Ø¯ Ø­Ø§ÙØ¸Ø©. ÙŠØªÙ… Ø§Ù„Ø¥Ø­ØªÙØ§Ø¸ Ø¨Ù‡ 6 Ø£Ø´Ù‡Ø± Ø®Ø§Ø±Ø¬ Ø§Ù„Ø«Ù„Ø§Ø¬Ø© Ù„Ø£Ù†Ù‡ : ÙŠØ®Ø¶Ø¹ Ù„Ù…Ø¹Ø§Ù„Ø¬Ø© Ø­Ø±Ø§Ø±ÙŠØ© UHT (Ø¯Ø±Ø¬Ø© Ø­Ø±Ø§Ø±Ø© Ø¬Ø¯ Ù…Ø±ØªÙØ¹Ø©) Ùˆ Ø§Ù„ØªÙŠ ØªÙ‚Ø¶ÙŠ Ø¹Ù„Ù‰ Ø§Ù„ÙƒØ§Ø¦Ù†Ø§Øª Ø§Ù„Ù…Ø¬Ù‡Ø±ÙŠØ©. ÙŠØ¹Ø¨Ø£ ÙÙŠ Ø¹Ù„Ø¨Ø© Ù…Ø¹Ù‚Ù…Ø© Ù…ÙƒÙˆÙ†Ø© Ù…Ù† 6 Ø·Ø¨Ù‚Ø§Øª ØªØ­Ù…ÙŠÙ‡ Ù…Ù† ÙƒÙ„ ØªÙ„ÙˆØ« Ø®Ø§Ø±Ø¬ÙŠ. Le lait UHT Jaouda ne contient pas de conservateurs. Si le lait UHT se conserve Ã  tempÃ©rature ambiante pendagt 6 mois, c'est parce que: - 1l subit un traitement thermique UHT (Ultra Haute TempÃ©rature) qui dÃ©truit tous les micro-organismes. - Il est conditionnÃ© dans un emballage aseptique de Ã³ couches le protÃ©geant de toute contamination extÃ©rieure.",,45.0,1.5,0.0,3.1,0.0,Other
Flocons d'avoine,Bjorg,"Aliments et boissons Ã  base de vÃ©gÃ©taux,Aliments d'origine vÃ©gÃ©tale,Petit-dÃ©jeuners,CÃ©rÃ©ales et pommes de terre,CÃ©rÃ©ales et dÃ©rivÃ©s,CÃ©rÃ©ales pour petit-dÃ©jeuner,Flocons,Flocons de cÃ©rÃ©ales,Flocons laminÃ©s,Flocons d'avoine,vÃ©gÃ©tal bio",Flocons d'_avoine_ complÃ¨te issue de l'agriculture biologique.,"pet-bottle, hdpe-cap, en:paper-carton",362.0,7.1,1.7,11.0,0.02,Other
Ğ›ĞµÑˆĞ½Ğ¸ĞºĞ¾Ğ²Ğ¾-ĞºĞ°ĞºĞ°Ğ¾Ğ² ĞºÑ€ĞµĞ¼,"Nutella,Ferrero","Snacks,Breakfasts,Spreads,Sweet spreads,fr:PÃ¢tes Ã  tartiner,Hazelnut spreads,Chocolate spreads,Cocoa and hazelnuts spreads","sugar, palm oil,  hazelnuts  (13%), skimmed  milk  powder (8,7%), fat-reduced cocoa (7,4%), emulsifier: lecithins ( soya ), vanillin,","Staklo,en:Jar,en:Glass-jar,en:Mixed plastic-film,en:Pp-lid,fr:couvercle plasticle,fr:pot en verre",539.0,30.9,56.3,6.3,0.107,Breakfast
"Bahia, Eau De Table",Bahia,"Boissons et prÃ©parations de boissons,Boissons,Eaux,Eaux de sources,en:Boissons  Eaux  Eaux de sources  Eaux de table",eau,,0.0,0.0,0.0,0.0,0.0,Other
4 Garlic & Herb Kebabs,Wicked Kitchen,,,,142.0,4.4,1.8,9.2,0.56,Other
Dark Chocolate 70%,"Lidl,J.D. Gross","Snacks, Sweet snacks, Cocoa and its products, Chocolates, Dark chocolates","cocoa mass, sugar, cocoa butter, emulsifier ( soya  lecithins),vanilla extract.","22 PAP,en:Cardboard,23 PBD,en:Card-box,en:StÃ¼ck,nl:FSC Mixte carton",544.0,40.0,27.2,8.8,0.08,Snacks
Tofoo Naked,The Tofoo Co.,"Plant-based foods and beverages,Plant-based foods,Legumes and their products,Meat alternatives,Meat analogues,Tofu,Plain tofu","Organic Tofu (Water, Organic _Soya_ Beans 36%, Nigari).","en:Card-box,en:Mixed plastic-film",144.359464627151,7.8,0.1,16.5,0.06,Beverages
Ghilal Yaourt zr3,Jaouda,"Dairies, Fermented foods, Fermented milk products, Desserts, Dairy desserts, Fermented dairy desserts, Yogurts, en:stirred-yogurts","IngrÃ©&lents : lait entier enrichi en crÃ¨me, sucre, poudre de lait Ã©crÃ©mÃ©, texturant : amidon, prÃ©paration de cÃ©rÃ©ales, fibres, arÃ´mes, ferments ladiques et colorant naturel. MatiÃ¨re grasse : 3,4 % Poids net : 110 g",plastique,106.0,3.0,7.5,3.5,0.0,Dairy
Nutella,Ferrero,"Breakfasts, Spreads, Sweet spreads, Bread coverings, fr:PÃ¢tes Ã  tartiner, Hazelnut spreads, Chocolate spreads, Cocoa and hazelnuts spreads","sugar, palm oil, hazelnuts (13%), skimmed milk powder (8,7%), fat-reduced cocoa (7,4%), emulsifier: lecithins (soya), vanillin","Multilayer composite,Glass,Paper and fibreboard/aluminium,82 C/PAP,Klarglas,Kunststoff,PP - Polypropylen,Pappe,Ungewellte Pappe",539.0,30.9,56.3,6.3,0.11,Breakfast
Figue & son,GerblÃ©,"Snacks,Snacks sucrÃ©s,Biscuits et gÃ¢teaux,Biscuits sucrÃ©s & biscuits apÃ©ritifs,Biscuits,Biscuits au son de blÃ©,Biscuits au son de blÃ© et la figue","Farine complÃ¨te de blÃ© 26,5%, farine de blÃ© 26,1%, son de blÃ© 19,9%, huile de colza, sucre de canne roux, pÃ¢te de figues 5,1%, arÃ´me naturel de figue, arÃ´me naturel, Ã©mulsifiant : lÃ©cithines de colza, poudres Ã  lever (acide citrique, carbonates de potassium, carbonates de sodium).","Plastic,Box,Cardboard,fr:BoÃ®te en carton sachet en plastique,fr:Etui en carton,fr:Film en plastique",450.0,19.0,16.0,9.3,0.19,Snacks
Fresh Square 0% - Plain,"Elle & Vire,Savencia","dairies, fermented-foods, fermented-milk-products, cheeses, cream-cheeses, fr:fromages, fromages-Ã -la-crÃ¨me, produits-fermentÃ©s, fr:produits-laitiers, produits-laitiers-fermentÃ©s","skimmed milk (origin: france), salt, lactic ferments,","Fresh,fr:Portions",78.0,0.2,1.5,17.5,1.5,Dairy
Pain De Mie Bio,"La BoulangÃ¨re Bio,La BoulangÃ¨re","Aliments et boissons Ã  base de vÃ©gÃ©taux,Aliments d'origine vÃ©gÃ©tale,Petit-dÃ©jeuners,CÃ©rÃ©ales et pommes de terre,Pains,Pains de mie,Pain de mie au son,Pains complets,Pains de mie complet","wheat flour*, water, whole wheat flour* 13%, brown cane sugar*, yeast, rapeseed oil*, apple cider vinegar*, wheat bran*, salt, wheat gluten*, flour processing agent (ascorbic acid), possible traces of soy, *ingredients from organic farming,","fr:Clip en plastique,fr:Sachet en plastique",268.0,4.2,6.3,8.1,1.1,Other
,Coca-Cola,"Boissons et prÃ©parations de boissons, Boissons, Boissons gazeuses, Boissons Ã©dulcorÃ©es, Sodas, Boissons light, Boissons sans sucre ajoutÃ©, Sodas au cola, Sodas light, Sodas au cola light, Boissons avec sucre ajoutÃ©","Eau gazÃ©ifiÃ©e, colorant E150d, acidifiants , acide phosphorique, citrate de sodium, Ã©dulcorants , aspartame, acÃ©sulfame-K, arÃ´mes naturels (extraits vÃ©gÃ©taux), dont cafÃ©ine, Contient une source de phÃ©nylalanine.","Plastic,Pe-polyethylene,Hdpe-high-density-polyethylene,Bottle,Pet-bottle,it:bottiglia pet",0.2,0.0,0.0,0.0,0.02,Other
Lait Frais 15 jours,Chergui,"Produits laitiers,Laits (fluide et poudre),Laits,Produits pasteurisÃ©s,Laits frais,Laits pasteurisÃ©s,Laits de vache",lait entier pasteurisÃ©,Bouteille,59.0,3.0,0.0,3.1,0.0,Other
Wholegrain Rye Bread,Tastino (Lidl),"plant-based-foods-and-beverages, plant-based-foods, cereals-and-potatoes, breads, rye-breads, de:brote, de:getreide-und-kartoffeln, de:pflanzliche-lebensmittel, pflanzliche-lebensmittel-und-getrÃ¤nke, de:roggenbrote, de:vollkornbrote","ES PÃ¡n elaborado con harina integral 98% de centen. Ingredientes: centeno integral triturado, agua, masa madre (agua, centeno integral triturado, harina de centeno, harina de trigo), harina integral de centeno, jarabe de azÃºcar invertido, sal, copos de centeno, levadura. Puede contener trazas de sÃ©samo. Conservar en un lugar seco y protegido del calor. Consumir preferentemente antes del: ver impresiÃ³n. PT PÃ£o de centeio integral. Ingredientes: farinha integral de centeio, gua, 22,1% massa lÃªveda (Ã¡gua, farinha integral de centeio, farinha de centeio, farinha de trigo), farinha integral de centeio, xarope de aÃ§Ãºcar invertido, sal, flocos de centeio, levedura. Pode conter vestÃ­gios de sementes de sÃ©samo. Conservar em local seco e fresco. Consumir de preferÃªncia antes de: ver fecho. ~170342543-","PlÃ¡stico,PP,Kunststoff",117.0,1.0,2.2,3.2,0.56,Grains
La prairie classique,margafrique,"Spreads, Salted spreads, en:light-margarines","Corps gras vÃ©gÃ©tal, eau, sucre, sel, mono-diglycerides vÃ©gÃ©tales, lÃ©cithine de soja, calcium, amidon, sorbate de potassium, antioxydant, acide citrique, arÃ´me, ÃŸ-carotÃ¨ne, 7 vitamines : A, B6, B2, B1, E, D, et B12.",,635.0,70.0,0.0,1.0,0.0,Condiments
Crunchy oats&honey,Nature Valley,"plant-based-foods-and-beverages, plant-based-foods, snacks, cereals-and-potatoes, sweet-snacks, bars, cereal-bars, es:barritas, barritas-energeticas, es:botanas, es:snacks-dulces, es:suplementos-de-culturismo, suplementos-dieteticos","whole grain oat flakes (60%),sugar, refined sunflower oil, honey (3%), salt, cane molasses, emulsifier (sunflower lecithin), gasifier (sodium acid carbonate),",en:hdpeFilm-packet,467.0,18.1,26.9,8.57,0.00214,Grains
Bitter Extra Kraftig,"Lindt,à¸¥à¸´à¸™à¸”à¹Œ","snacks, nl:zoete-snacks, nl:cacao-en-afgeleide-producten, nl:chocoladeproducten, nl:pure-chocolades, nl:extra-fijne-pure-chocolade","Kakaomasse, fettarmes Kakaopulver, Kakaobutter, Rohrohrzucker. Kann SchalenfrÃ¼chte, Milch und Soja enthalten.","Kunststoff,en:Container,fr:Barquette en plastique,fr:Etui en carton,fr:Film en plastique",565.0,49.0,0.4,14.0,0.06,Snacks
Croustillant Chocolat,Bjorg,"Aliments et boissons Ã  base de vÃ©gÃ©taux,Aliments d'origine vÃ©gÃ©tale,Petit-dÃ©jeuners,CÃ©rÃ©ales et pommes de terre,CÃ©rÃ©ales et dÃ©rivÃ©s,CÃ©rÃ©ales pour petit-dÃ©jeuner,CÃ©rÃ©ales au chocolat,PÃ©pites de cÃ©rÃ©ales croustillantes,PÃ©pites de cÃ©rÃ©ales au chocolat,CÃ©rÃ©ales pour petit dÃ©jeuner riches en fibres","Flocons d'avoine complÃ¨te, Flocons de blÃ© complet, Chocolat noir 10% (pÃ¢te de cacao, sucre de canne non raffinÃ©, beurre de cacao), Riz extrudÃ© (farine de riz), Sucre de canne non raffinÃ©, Farine de blÃ©, Huile de tournesol, Miel, Stabilisant: gomme d'acacia, MÃ©lasses, Flocons de noix de coco, Sel marin, Cannelle, Antioxydant: extrait riche en tocophÃ©rols",Bag,437.0,15.0,15.0,9.7,0.48,Other
Seed Sensations,Hovis,"Plant-based foods and beverages, Plant-based foods, Cereals and potatoes, Breads, Sliced breads, Multigrain sliced breads","Wheat Flour (Calcium, Iron, Niacin, Thiamin), Water, Seed Mix 13% (Toasted Brown Linseed, Toasted Sunflower Seeds, Pumpkin Seeds, Sunflower Seeds, Millet Seeds, Golden Linseed, Poppy Seeds), Yeast, Wheat  Protein, Salt, Soya Flour, Malted Barley Flour, Granulated Sugar, Barley Flour, Preservative (E282), Caramelised Sugar, Barley Fibre, Emulsifier (E472e), Flour Treatment Agent (Ascorbic Acid).",Ldpe-bag,278.0,6.6,3.8,10.0,0.3828,Grains
